contig	start	end	motif	pvalue	bonf_pvalue	counts
StrA	1723	2123	AGC	0.03854993587177091	0.07709987174354183	sample1:8.461518151815183,sample2:33.28581629341123,sample3:30.048237956676367,sample4:5.298941798941799,sample5:9.576095617529882
StrB	1684	2154	CCG	0.07864960352514261	0.15729920705028522	sample1:22.211485148514853,sample2:22.88399870172022,sample3:31.08438409311348,sample4:29.674074074074078,sample5:20.21620185922975,sample6:21.3226879574185,sample7:20.358141089936474
