motif	pvalue	bonf_pvalue	counts
CCG	0.01694742676234462	0.01694742676234462	sample1:41.249900990099015,sample2:47.84836092177864,sample3:36.26511477529906,sample4:1.05978835978836,sample5:4.256042496679947,sample6:1.066134397870925,sample7:3.2144433299899697
